#np,nx,ny,nz,mlup
1,1,1,1,112.247309944
12,12,1,1,1331.25980196
12,3,2,2,1341.15066640
12,4,3,1,1335.95521447
12,6,2,1,1340.60503037
4,2,2,1,447.970886208
4,4,1,1,448.341535529
8,2,2,2,894.949301174
8,4,2,1,894.380544783
8,8,1,1,887.991923845
.,
